[
    {
        "id": "1593362124083",
        "author": "Venko Savov",
        "text": "Andre is the best child! You will **not** have any problems with him!",
        "authorId": "1",
        "date": "10.31.2020",
        "timeFrom": "10:30",
        "timeTo": "13:00",
        "kidsNames": [
            "Andre"
        ],
        "kidsAge": [
            "2"
        ],
        "imageUrl": "https://i.ibb.co/2PHgWPF/FD059-A9-E-23-C5-42-D6-92-D5-61-B24558-D174.jpg"
    },
    {
        "id": "1593362307701",
        "author": "Mila Stoyanova",
        "text": "Stoyan is a well-behaved child, he likes to eat *\"Popara\"*!",
        "authorId": "1",
        "date": "8.8.2028",
        "timeFrom": "8:00",
        "timeTo": "18:00",
        "kidsNames": [
            "Stoyan"
        ],
        "kidsAge": [
            "4"
        ],
        "imageUrl": "https://i.ibb.co/6YLHDYC/BA0-B0745-9155-4708-B60-C-0637-DB92-F4-AE.jpg"
    },
    {
        "id": "1593362433042",
        "author": "Maria Angelova",
        "text": "Please take **good care** of my sweet Dimitar!",
        "authorId": "1",
        "date": "11.11.2021",
        "timeFrom": "11:00",
        "timeTo": "17:00",
        "kidsNames": [
            "Dimitar"
        ],
        "kidsAge": [
            "3"
        ],
        "imageUrl": "https://i.ibb.co/wMMfJ2g/CB4947-CA-5116-40-B7-BE21-7-AC3-F95067-D4.jpg"
    },
    {
        "id": "1593362546624",
        "author": "Angel Mihailov",
        "text": "Ivan only likes to sleep, which means easy money for you! :)",
        "authorId": "1",
        "date": "10.10.2020",
        "timeFrom": "10:30",
        "timeTo": "16:15",
        "kidsNames": [
            "Ivan"
        ],
        "kidsAge": [
            "1"
        ],
        "imageUrl": "https://i.ibb.co/N6hfZgs/2-CD94-CBA-F48-A-4-B5-A-BE1-C-C21422-CFAB9-B.jpg"
    },
    {
        "id": "1593362708452",
        "author": "Mariana Ilieva",
        "text": "Vasko is grumpy all the time, but please take good care of him, if he is naughty again I am willing to leave you a **nice tip**!",
        "authorId": "1",
        "date": "1.1.2020",
        "timeFrom": "7:00",
        "timeTo": "20:00",
        "kidsNames": [
            "Vasko"
        ],
        "kidsAge": [
            "5"
        ],
        "imageUrl": "https://i.ibb.co/1RXCWZw/B3747-D35-FB41-4-E1-C-B504-BA4-D10-D44098.jpg"
    },
    {
        "id": "1593362798840",
        "author": "Ilian Velikov",
        "text": "Mihail is not a problematic child, it will be a breeze babysitting him!",
        "authorId": "1",
        "date": "2.20.2020",
        "timeFrom": "10:30",
        "timeTo": "20:30",
        "kidsNames": [
            "Mihail"
        ],
        "kidsAge": [
            "3"
        ],
        "imageUrl": "https://i.ibb.co/yf2jwq6/1727328-D-8-D46-420-F-84-B6-18-D64-EBDE27-D.jpg"
    },
    {
        "id": "1593362903220",
        "author": "Elena Markova",
        "text": "Blagovest **loves** bathing, please do let him take a bath!",
        "authorId": "1",
        "date": "7.22.2020",
        "timeFrom": "10:30",
        "timeTo": "19:00",
        "kidsNames": [
            "Blagovest"
        ],
        "kidsAge": [
            "4"
        ],
        "imageUrl": "https://i.ibb.co/WgLH76M/A6-F79096-790-C-43-FF-963-A-5-B634-E40-C8-D1.jpg"
    },
    {
        "id": "1593363033731",
        "author": "Ivan Popov",
        "text": "Petar always plays in the garden, please do let him go there but be careful with the *mosquitos*!",
        "authorId": "1",
        "date": "6.29.2020",
        "timeFrom": "10:50",
        "timeTo": "14:30",
        "kidsNames": [
            "Petar"
        ],
        "kidsAge": [
            "3"
        ],
        "imageUrl": "https://i.ibb.co/zV5T9Q3/2-E403-EAB-932-D-490-E-8-F3-D-E32-D52410090.jpg"
    },
    {
        "id": "1593363134699",
        "author": "Ivanka Dimitrova",
        "text": "Kubrat likes apple juice and hugs, please do provide the said things to him when he desires them!",
        "authorId": "1",
        "date": "10.20.2020",
        "timeFrom": "10:00",
        "timeTo": "12:00",
        "kidsNames": [
            "Kubrat"
        ],
        "kidsAge": [
            "4"
        ],
        "imageUrl": "https://i.ibb.co/p46Zr0M/F4-D4186-B-E3-B1-4-BC5-96-B1-839-CEC990-CBD.jpg"
    }
]